{"cameraMode":{"drawMode":0,"name":"Shaded","section":"Shading Mode"},"sceneLighting":false,"audioPlay":false,"sceneViewState":{"showFog":true,"showMaterialUpdate":false,"showSkybox":false,"showFlares":true,"showImageEffects":true,"showParticleSystems":true},"in2DMode":false,"pivot":{"x":264.22735595703127,"y":-151.9258575439453,"z":263.9598693847656},"rotation":{"x":0.18289272487163545,"y":0.38076454401016238,"z":-0.0771094411611557,"w":0.9031203389167786},"size":410.4893798828125,"orthographic":false}